iso_a3,name,continent,mean,geometry,mean_emissions,mean_methane_emissions,renewable_below_50,mean_oxide_emissions
AGO,Angola,Africa,51.1425,"list(list(c(13.3755973649719, 13.024869419007, 12.7351713395787, 12.3224316748636, 12.2273470394464, 12.7282983740839, 12.9330403988243, 13.2364327328099, 12.9290613135378, 12.8753695003866, 13.1209875830699, 13.3873279151022, 13.6863794287753, 13.7387276546869, 13.6337211442698, 13.3129138526018, 12.7384786312454, 12.500095249083, 12.1756189307223, 12.1235807634044, 11.7785372249916, 11.6400960628816, 11.7341988460851, 12.2154614600194, 12.8140812516884, 13.46236209479, 14.058501417709, 14.2097066585951, 
18.2633093604342, 18.9561869646036, 21.3771761410456, 23.2150484555061, 22.5624784685243, 21.8878426449539, 21.9338863461259, 24.0161365088947, 23.9309220720454, 24.0799052263429, 23.9041536801182, 24.0178935075926, 23.9122152035557, 23.4567908057675, 22.8373454118848, 22.4027982927424, 22.1552681820643, 22.2087532894864, 21.8751819190424, 21.801801385188, 21.949130893652, 21.7464559262034, 21.7281107927398, 20.5147481625265, 20.6018229509383, 20.0916215349206, 20.0377230160402, 19.4175024756732, 
19.1666133968961, 19.0167517432497, 18.4641756527527, 18.1342216325691, 17.4729700049623, 17.0899959652472, 16.8601908708452, 16.5731799658961, 16.326528354567, 13.3755973649719, -5.86424122479956, -5.98438892987811, -5.96568206138848, -6.10009246177965, -6.29444752362937, -6.9271220841788, -7.59653858808776, -8.56262948978434, -8.95909107832757, -9.16693368900549, -9.76689706791412, -10.3735783830207, -10.7310759416158, -11.2978630509931, -12.0386447078972, -12.4836304663625, -13.1379057756099, 
-13.5476998836844, -14.4491435685839, -14.8783163387679, -15.7938160132507, -16.6731421851292, -17.3018893368245, -17.111668389558, -16.941342868724, -16.9712118465887, -17.4233806291426, -17.3531006812257, -17.3099508602619, -17.7890947404722, -17.9306364885196, -17.5231161434659, -16.8984514299218, -16.0803101538769, -12.8984371883693, -12.9110462378485, -12.5658476701388, -12.1912968888873, -11.7222815894063, -11.2372982723471, -10.9268262671375, -10.8678634578925, -11.0176217586743, -10.9930754533357, 
-11.0848011206538, -9.89479623783653, -9.52370777754856, -8.90870655684299, -8.30590097415831, -7.92008473066712, -7.29087249108132, -7.29960580813866, -6.93931772219969, -6.94309010175695, -7.11636117923166, -7.15542856204428, -7.73818368899973, -7.98824594486014, -7.84701425540648, -7.98767750410487, -8.06855112064166, -7.54568897871248, -7.22229786542998, -6.62264454511509, -5.87747039146622, -5.86424122479956)), list(c(12.4680041846298, 12.6316117692658, 12.9955172054652, 12.6207597184846, 12.3186076188739, 
11.9149630062421, 12.1823368669203, 12.4366882666609, 12.4680041846298, -5.24836150474499, -4.99127125409294, -4.78110320396192, -4.43802336997612, -4.60623015708616, -5.03798674888473, -5.7899305151638, -5.68430388755922, -5.24836150474499)))",0.943381291297398,36766.61006625,FALSE,17978.01920125
BDI,Burundi,Africa,89.16625,"list(c(29.7535124040999, 30.1163326352212, 30.5055595232436, 30.7522628110049, 30.7430127296247, 30.5276770362645, 30.469696079233, 29.9383590024079, 29.6321761410786, 29.0249263852168, 29.2763839047491, 29.3399975929004, 29.7535124040999, -4.45238941815328, -4.09013762778724, -3.56856739666537, -3.35932952231557, -3.03428476319969, -2.80763193116754, -2.41385751710346, -2.34848683025424, -2.9178577612461, -2.83925790773016, -3.29390715903406, -4.49998341229409, -4.45238941815328))",0.04345281720377951,1306.483710375,FALSE,1543.750173375
BEN,Benin,Africa,48.06625,"list(c(2.74906253420022, 2.72379275880951, 2.91230838381026, 3.2203515967021, 3.70543826662592, 3.6000700211828, 3.79711225751171, 3.57221642417747, 3.61118045412556, 2.84864301922667, 2.49016360841793, 2.15447350424992, 1.93598554851988, 1.44717817547107, 1.24346967937649, 0.899563022474069, 0.772335646171484, 1.07779503744874, 1.42506066245014, 1.46304284018467, 1.66447757325838, 1.61895063640924, 1.86524051271232, 2.69170169435625, 2.74906253420022, 7.87073436119289, 8.50684540448971, 9.13760793704432, 
9.4441525333997, 10.0632103540402, 10.3321861841194, 10.7347455916731, 11.3279393579515, 11.660167141156, 12.2356358911583, 12.2330520695437, 11.9401500513133, 11.6411502140725, 11.5477192244889, 11.1105107690835, 10.9973393823643, 10.4708082137424, 10.175606594275, 9.82539541263299, 9.33462433515708, 9.12859039960938, 6.83203807212624, 6.14215770102973, 6.25881724692863, 7.87073436119289))",0.5407643033286532,3623.69106,TRUE,2539.730514375
BFA,Burkina Faso,Africa,73.60875,"list(c(-2.96389624674711, -2.94040930827046, -1.20335771321143, -0.761575893548184, -0.438701544588582, 0.0238025244237008, 0.899563022474069, 1.24346967937649, 1.44717817547107, 1.93598554851988, 2.15447350424992, 2.17710778159378, 1.02410322429748, 0.993045688490071, 0.429927605805517, 0.295646396495101, 0.374892205414682, -0.26625729003058, -0.515854458000348, -1.06636349120566, -2.00103512206877, -2.19182451009039, -2.96769446452058, -3.10370683431276, -3.52280270019986, -4.00639075358723, -4.28040503581488, 
-4.4271661035238, -5.22094194174312, -5.19784257650865, -5.47056494792901, -5.40434159994698, -4.9546532861431, -4.77988359213197, -4.33024695476038, -3.98044918457669, -3.51189897298627, -2.82749630371271, -2.96389624674711, 10.3953347843801, 10.9626903345126, 11.0098192407627, 10.9369296330151, 11.0983409692787, 11.0186817489008, 10.9973393823643, 11.1105107690835, 11.5477192244889, 11.6411502140725, 11.9401500513133, 12.6250178084775, 12.8518256698066, 13.3357496200038, 13.9887330184439, 14.4442349308806, 
14.9289081893461, 14.9243089868721, 15.1161577417557, 14.9738150090077, 14.5590082870009, 14.2464175480673, 13.7981503361515, 13.5412667912286, 13.3376616479986, 13.4724854598481, 13.2284435083497, 12.5426455754043, 11.7138589543072, 11.3751457788501, 10.951269842976, 10.3707368026091, 10.1527139347697, 9.82198476810174, 9.61083486575714, 9.8623440617217, 9.90032623945622, 9.64246084231978, 10.3953347843801))",0.2068770037548685,13936.1261125,FALSE,9299.450006
BWA,Botswana,Africa,25.99625,"list(c(25.264225701608, 25.0844433936646, 24.5207051937925, 24.2173645362392, 23.5790055681377, 23.1968583513393, 21.655040317479, 20.9106413103145, 20.8811340674759, 19.8954577979407, 19.8957678565344, 20.1657255388272, 20.7586092465118, 20.6664701677354, 20.8896090023717, 21.6058960303694, 22.1059688656579, 22.5795316911806, 22.8242712745149, 23.3120967953502, 23.7335697771227, 24.2112667172288, 25.0251705258258, 25.6646663754377, 25.7658488298652, 25.9416520525222, 26.4857532081233, 26.7864066911974, 
27.1194096208863, 28.0172359555253, 29.432188348109, 28.7946562029242, 28.0213700701086, 27.7272278175033, 27.7247473487533, 27.2965047543505, 26.1647908871585, 25.8503914730947, 25.6491634457502, 25.264225701608, -17.7365398088314, -17.6618156877373, -17.8871249325299, -17.8893470191184, -18.28126108162, -17.8690381812277, -18.2191460100052, -18.252218926672, -21.814327080983, -21.8491569963477, -24.7677902157604, -24.9179619280006, -25.8681364885513, -26.4774533017048, -26.8285429826958, -26.7265337053516, 
-26.280256036079, -25.979447523708, -25.5004586727946, -25.2686898739655, -25.3901294898514, -25.6702157528734, -25.7196700985767, -25.4868160946695, -25.1748454729235, -24.6963733863331, -24.6163265927129, -24.2406906063833, -23.5743230119796, -22.8277535946589, -22.0913127580674, -21.6394540341073, -21.4859750302005, -20.8518018531146, -20.4990585262903, -20.3915198706909, -19.2930856258949, -18.7144129370905, -18.5360258928189, -17.7365398088314))",2.770321371006749,3353.299866875,TRUE,2680.254261625
CAF,Central African Rep.,Africa,92.775,"list(c(14.7765454444046, 14.5365600928411, 14.4594071794293, 14.5589359880235, 14.4783724300805, 14.9509534033897, 15.0362195166713, 15.4053959489644, 15.8627323747475, 15.9073808122477, 16.0128524105554, 16.5370581397241, 17.1330424333463, 17.8099003435053, 18.4530652198099, 18.5429822119978, 18.9323124528848, 19.4677836442932, 20.2906791521089, 20.9275911801063, 21.65912275563, 22.4051237321955, 22.7041235694363, 22.8414795264681, 23.2972139828501, 24.4105310401463, 24.8050289242624, 25.1288334490033, 
25.2787984555143, 25.6504553565575, 26.4027608578625, 27.0440653826047, 27.3742261085175, 27.2134090512252, 26.4659094581232, 26.2134184099451, 25.7966479835112, 25.1241308936647, 25.1149324887168, 24.5673690121521, 23.8058134294668, 23.459012892356, 23.3947790870172, 23.5572497901428, 23.5543042335022, 22.9775435726926, 22.8641654802442, 22.2311291846688, 21.7238216488595, 21.0008683610962, 20.0596854997643, 19.094008009526, 18.8120097185093, 18.9110217627805, 18.3895548845232, 17.9649296403809, 
16.7059883968863, 16.4561845231874, 16.2905615576919, 16.1062317237068, 15.2794604834691, 14.7765454444046, 6.40849803306205, 6.22695872642069, 5.4517605656103, 5.03059764243153, 4.73260549562045, 4.21038930909492, 3.85136729574712, 3.33530060466434, 3.01353729899898, 2.55738943115861, 2.26763967529809, 3.19825470622628, 3.72819651937945, 3.56019643799857, 3.50438589112335, 4.20178518311832, 4.70950613038598, 5.03152781821278, 4.69167776124529, 4.32278554932974, 4.22434194581372, 4.02916006104732, 
4.63305084881016, 4.71012624757349, 4.60969310141422, 5.10878408448913, 4.89724660890235, 4.92724477784779, 5.17040822999719, 5.25608775473713, 5.15087453859087, 5.12785268800484, 5.23394440350006, 5.55095347739456, 5.94671743410187, 6.54660329836208, 6.97931590415807, 7.50008515057944, 7.82510407147917, 8.22918793378547, 8.66631887454242, 8.95428579348889, 9.26506785729223, 9.68121816653868, 10.0892552759153, 10.7144625919985, 11.1423951278075, 10.9718887394605, 10.567055568886, 9.47598521569151, 
9.01270600019486, 9.07484691002584, 8.9829145369786, 8.63089468020635, 8.28130361575183, 7.89091400800287, 7.50832754152998, 7.73477366783297, 7.75430735923931, 7.49708791750651, 7.42192454673797, 6.40849803306205))",0.0385766444414527,10028.9159355,FALSE,10712.292985
CIV,Cote d'Ivoire,Africa,66.93125,"list(c(-2.81070146321784, -3.24437008301126, -2.98358496745033, -2.56218950032624, -2.82749630371271, -3.51189897298627, -3.98044918457669, -4.33024695476038, -4.77988359213197, -4.9546532861431, -5.40434159994698, -5.81692623536529, -6.05045203289227, -6.20522294760643, -6.49396501303727, -6.66646094402755, -6.85050655763506, -7.62275916180481, -7.89958980959238, -8.02994361004862, -8.22933712404682, -8.30961646161225, -8.07911373537435, -7.83210038901919, -8.20349890790088, -8.29904863120857, -8.2217923649322, 
-8.28070349774494, -8.4392984684487, -8.48544552248535, -8.38545162600057, -8.60288021486862, -8.31134762209402, -7.99369259279588, -7.57015255373169, -7.53971513511176, -7.63536821128403, -7.71215938966975, -7.51894120933044, -6.52876909018585, -5.83449622234453, -4.64991736491791, -4.00881954590494, -3.31108435710007, -2.8561250472024, -2.81070146321784, 5.38905121502411, 6.2504715031135, 7.37970490155551, 8.21962779381148, 9.64246084231978, 9.90032623945622, 9.8623440617217, 9.61083486575714, 
9.82198476810174, 10.1527139347697, 10.3707368026091, 10.2225546330122, 10.0963607853554, 10.5240607772191, 10.4113028019583, 10.4308106551484, 10.1389938419962, 10.1472362329468, 10.2973821069708, 10.2065349390017, 10.1290202905639, 9.78953196862244, 9.37622386315203, 8.57570425051863, 8.45545319257545, 8.3164435897103, 8.12332876223557, 7.68717967369216, 7.68604279218174, 7.39520783124307, 6.91180064536874, 6.46756419517166, 6.19303314862109, 6.12618968345154, 5.7073521997259, 5.31334524171652, 
5.18815908448946, 4.36456594483772, 4.33828847901731, 4.70508779542502, 4.99370066977514, 5.16826365805709, 5.17981334067432, 4.98429555909802, 4.99447581625951, 5.38905121502411))",0.40041036990677287,7660.37574925,FALSE,3237.745067
CMR,Cameroon,Africa,78.3125,"list(c(14.3378125342466, 15.1463419938852, 15.9409188168051, 16.0128524105554, 15.9073808122477, 15.8627323747475, 15.4053959489644, 15.0362195166713, 14.9509534033897, 14.4783724300805, 14.5589359880235, 14.4594071794293, 14.5365600928411, 14.7765454444046, 15.2794604834691, 15.4360917497458, 15.1208655127653, 14.9799955583377, 14.5444665869818, 13.954218377344, 14.171466098699, 14.6272005550811, 14.9093538753947, 15.4678727556053, 14.923564894275, 14.9601518083376, 14.8933858578165, 14.4957873877628, 
14.2135307145846, 14.1813362972668, 14.5771777686225, 14.468192172919, 14.4153788591167, 13.5729496598946, 13.3086763851539, 13.1675997249971, 12.955467970439, 12.7536715023392, 12.2188721045506, 12.0639461605396, 11.8393087093668, 11.7457743669185, 11.0587878760304, 10.4973751156114, 10.1182768083183, 9.5227059261544, 9.23316287602304, 8.75753299320863, 8.50028771325969, 8.48881554529089, 8.74492394372942, 8.94811567550107, 9.404366896206, 9.79519575362945, 9.64915815597263, 11.2764490088437, 11.7516654801998, 
12.3593803239522, 12.9513338558556, 13.0758223812468, 14.3378125342466, 2.22787466064949, 1.96401479736719, 1.7276726342803, 2.26763967529809, 2.55738943115861, 3.01353729899898, 3.33530060466434, 3.85136729574712, 4.21038930909492, 4.73260549562045, 5.03059764243153, 5.4517605656103, 6.22695872642069, 6.40849803306205, 7.42192454673797, 7.69281240481198, 8.38215017336942, 8.79610423424347, 8.96586131432227, 9.54949494062669, 10.0213782820999, 9.92091929772454, 9.99212942142273, 9.98233673750343, 
10.8913251815175, 11.5555740421972, 12.2190477563926, 12.8593962671373, 12.8020354272933, 12.4836569279431, 12.0853608260535, 11.9047516951934, 11.5723688826921, 10.7985659855536, 10.1603620467489, 9.64062632897341, 9.41777171471471, 8.717762762889, 8.30582408287432, 7.7998084578723, 7.39704234458944, 6.98138296144976, 6.6444267846906, 7.05535777427557, 7.03876963950988, 6.45348236737212, 6.44449066815333, 5.47966583904791, 4.77198293702685, 4.49561737712992, 4.35221527751996, 3.90412893311714, 3.7345268823352, 
3.07340444580912, 2.28386607503773, 2.26105093018087, 2.32675751383999, 2.19281220133945, 2.32161570882694, 2.26709707275902, 2.22787466064949))",0.36532193215096914,16593.57694625,FALSE,62067.07658875
COD,Dem. Rep. Congo,Africa,95.56,"list(c(29.9535001970695, 29.715995314256, 29.1590784034465, 28.6966776872988, 28.4289937680269, 27.9799772478428, 27.3742261085175, 27.0440653826047, 26.4027608578625, 25.6504553565575, 25.2787984555143, 25.1288334490033, 24.8050289242624, 24.4105310401463, 23.2972139828501, 22.8414795264681, 22.7041235694363, 22.4051237321955, 21.65912275563, 20.9275911801063, 20.2906791521089, 19.4677836442932, 18.9323124528848, 18.5429822119978, 18.4530652198099, 18.3937923519711, 18.0942757504074, 17.8988354834796, 
17.7741919287916, 17.8265401547033, 17.6635526872547, 17.63864464689, 17.5237162614729, 16.8653068376421, 16.4070919125101, 15.9728031755292, 16.0062895036543, 15.7535400733148, 15.1709916520884, 14.5826037940132, 14.2090348649752, 14.1449560889333, 13.6002348161447, 13.258240187237, 12.9955172054652, 12.6316117692658, 12.4680041846297, 12.4366882666609, 12.1823368669203, 12.3224316748635, 12.7351713395787, 13.024869419007, 13.3755973649719, 16.326528354567, 16.5731799658961, 16.8601908708452, 17.0899959652472, 
17.4729700049622, 18.1342216325691, 18.4641756527527, 19.0167517432497, 19.1666133968961, 19.4175024756732, 20.0377230160402, 20.0916215349206, 20.6018229509383, 20.5147481625265, 21.7281107927397, 21.7464559262033, 21.949130893652, 21.8018013851879, 21.8751819190423, 22.2087532894864, 22.1552681820643, 22.4027982927424, 22.8373454118848, 23.4567908057675, 23.9122152035557, 24.257155389104, 24.314516228948, 24.783169793403, 25.4181181169732, 25.7523096046047, 26.5530875993996, 27.1644197934125, 27.3887988624238, 
28.15510867688, 28.523561639121, 28.9342859229768, 29.6996138852195, 29.6160014177712, 29.3415478858691, 28.6424174333924, 28.3722530453704, 28.4960697771418, 28.6736816749289, 28.4498710466728, 28.7348665707625, 29.0029122250605, 30.3460860531908, 30.7400154965518, 30.1999967791017, 29.62003217949, 29.4199927100882, 29.5199866065729, 29.3399975929004, 29.2763839047491, 29.0249263852168, 29.1174788754516, 29.2548348324834, 29.2918868344366, 29.5794661801409, 29.5878377621722, 29.8195032081366, 29.8757788429025, 
30.0861535987627, 30.4685075212903, 30.8526701189481, 31.1741492042358, 30.77334679538, 30.8338598975938, 29.9535001970695, 4.17369904216768, 4.60080475506002, 4.38926727947323, 4.45507721599694, 4.28715464926449, 4.40841339763738, 5.23394440350006, 5.12785268800484, 5.15087453859087, 5.25608775473713, 5.17040822999719, 4.92724477784779, 4.89724660890235, 5.10878408448913, 4.60969310141422, 4.71012624757349, 4.63305084881016, 4.02916006104732, 4.22434194581372, 4.32278554932974, 4.69167776124529, 
5.03152781821278, 4.70950613038598, 4.20178518311832, 3.50438589112335, 2.90044342692822, 2.36572154378806, 1.74183197672828, 0.855658677571085, 0.288923244626105, -0.0580839982138173, -0.424831638189247, -0.743830254726987, -1.22581633871329, -1.74092701579868, -2.71239226645361, -3.53513274497253, -3.8551648901561, -4.3435071753143, -4.97023894615014, -4.7930921362536, -4.51000864015872, -4.50013844159097, -4.88295745200917, -4.78110320396188, -4.99127125409294, -5.24836150474501, -5.68430388755925, 
-5.78993051516384, -6.10009246177966, -5.9656820613885, -5.98438892987816, -5.86424122479955, -5.87747039146627, -6.62264454511509, -7.22229786542999, -7.54568897871253, -8.06855112064171, -7.98767750410492, -7.84701425540645, -7.98824594486013, -7.73818368899976, -7.1554285620443, -7.11636117923165, -6.94309010175699, -6.93931772219968, -7.29960580813863, -7.2908724910813, -7.92008473066715, -8.30590097415828, -8.90870655684298, -9.52370777754856, -9.89479623783651, -11.0848011206538, -10.9930754533357, 
-11.0176217586743, -10.8678634578925, -10.9268262671375, -10.9519926896636, -11.2628264298993, -11.238693536019, -11.33093596766, -11.7849651017764, -11.9244397925321, -11.6087484676611, -12.1327474911007, -12.2724805640179, -12.6986044246967, -13.2489584286051, -13.2572266577718, -12.1788945451373, -12.3607439103724, -11.9715686987823, -11.7936467424014, -10.789883721564, -9.60592498132493, -9.16491830814608, -8.52655934004458, -8.40703175215347, -8.23825652428822, -8.34000741947091, -7.07998097089816, 
-6.52001515058343, -5.93999887453943, -5.41997893638631, -4.49998341229409, -3.29390715903406, -2.83925790773016, -2.29221119548838, -2.21510995850891, -1.62005584066799, -1.34131316488563, -0.587405694179481, -0.205310153813372, 0.597379868976304, 1.06231273030629, 1.58380544677972, 1.84939647054381, 2.20446523682126, 2.33988332764213, 3.50916596111034, 4.17369904216768))",0.04148337340129031,33055.8493475,FALSE,14612.9024825
COG,Congo,Africa,66.51125,"list(c(13.258240187237, 13.6002348161447, 14.1449560889333, 14.2090348649752, 14.5826037940132, 15.1709916520884, 15.7535400733148, 16.0062895036543, 15.9728031755292, 16.4070919125101, 16.8653068376421, 17.5237162614729, 17.63864464689, 17.6635526872547, 17.8265401547033, 17.7741919287916, 17.8988354834796, 18.0942757504074, 18.3937923519711, 18.4530652198099, 17.8099003435053, 17.1330424333463, 16.5370581397241, 16.0128524105554, 15.9409188168051, 15.1463419938852, 14.3378125342466, 13.0758223812468, 
13.0031136410121, 13.2826314632788, 14.0266687354172, 14.276265903387, 13.8433207536457, 14.3164184912777, 14.4254557634136, 14.2992102393246, 13.9924072608077, 13.1096187679656, 12.5752844580676, 12.4957027523382, 11.8209635759032, 11.4780387712143, 11.8551216976481, 11.0937728206919, 11.9149630062421, 12.3186076188739, 12.6207597184845, 12.9955172054652, 13.258240187237, -4.88295745200917, -4.50013844159097, -4.51000864015872, -4.7930921362536, -4.97023894615014, -4.3435071753143, -3.8551648901561, 
-3.53513274497253, -2.71239226645361, -1.74092701579868, -1.22581633871329, -0.743830254726987, -0.424831638189247, -0.0580839982138173, 0.288923244626105, 0.855658677571085, 1.74183197672828, 2.36572154378806, 2.90044342692822, 3.50438589112335, 3.56019643799857, 3.72819651937945, 3.19825470622628, 2.26763967529809, 1.7276726342803, 1.96401479736719, 2.22787466064949, 2.26709707275902, 1.83089630778332, 1.31418366129688, 1.39567739502115, 1.19692983642662, 0.038757635901149, -0.552627455247048, 
-1.33340667074497, -1.99827564861221, -2.4708049454891, -2.42874032960351, -1.94851124431513, -2.39168832765024, -2.51416147218198, -2.76561899171424, -3.42687061932105, -3.97882659263055, -5.03798674888479, -4.60623015708619, -4.43802336997614, -4.78110320396188, -4.88295745200917))",1.1071782139192088,8808.113268125,FALSE,1735.98405025
DJI,Djibouti,Africa,28.7925,"list(c(42.7796423683448, 42.3515600000001, 42.0000000000001, 41.6617600000001, 41.7395900000002, 41.7555700000002, 42.3141400000001, 42.5549300000001, 42.776851841001, 43.1453048032422, 42.7158736508965, 43.2863814633989, 43.3178524106647, 43.0812260272002, 42.7796423683448, 12.4554157576957, 12.5422300000001, 12.1000000000001, 11.6312, 11.3551100000001, 11.0509100000001, 11.0342, 11.1051100000002, 10.9268785669344, 11.4620396997489, 11.7356405705183, 11.9749282902459, 12.390148423711, 12.6996385767071, 
12.4554157576957))",0.4383872973348541,645.81744275,TRUE,258.587446375
DZA,Algeria,Africa,0.12625,"list(c(11.560669386449, 10.7713635596229, 10.3038468766784, 9.94826134607798, 9.91069257980178, 9.31941084151816, 9.71628584151975, 9.62905602381108, 9.75612837081679, 9.68388471847277, 9.85999799972345, 9.80563439295242, 9.48213992680527, 9.05560265466815, 8.43910281742612, 8.43047285323337, 7.61264163578218, 7.52448164229224, 8.1409814795343, 8.37636762862377, 8.21782433435232, 8.42096438969168, 7.73707848474101, 7.33038496260397, 6.26181969567261, 5.32012007001779, 4.81575809084913, 3.16169884605083, 
1.46691857260655, 0.503876580415209, -0.127454392894606, -1.20860287108906, -2.16991370279862, -1.79298580566169, -1.73345455566147, -1.38804928222257, -1.12455115396631, -1.30789913573787, -2.61660478352957, -3.06898027181265, -3.64749793132015, -3.6904410465547, -4.85964616537447, -5.24212927898279, -6.06063229005378, -7.05922766766193, -8.67411617678297, -8.66558956545481, -8.66512447756419, -8.68439978680906, -4.92333736817423, -1.55005489745761, 1.82322757325903, 2.06099083823392, 2.68358849448643, 
3.1466610042539, 3.15813317222271, 4.26741946780004, 5.67756595218069, 8.57289310062978, 11.9995056494716, 11.560669386449, 24.0979092473254, 24.5625320500616, 24.3793132593708, 24.9369536402324, 25.3654546167966, 26.0943248560573, 26.5122063257855, 27.1409534774808, 27.688258571884, 28.144173895779, 28.9599897323709, 29.4246383733233, 30.3075560572461, 32.1026919622012, 32.5062848984008, 32.7483373072559, 33.3441148951489, 34.0973764104514, 34.6551459823938, 35.4798760035559, 36.4331769882603, 36.9464273137832, 
36.8857075058402, 37.1183806422344, 37.1106550156067, 36.7165188665166, 36.8650369329235, 36.7839049342252, 36.6056470810344, 36.3012728948353, 35.8886624212008, 35.7148487411871, 35.1683963079167, 34.5279186060912, 33.919712836232, 32.8640150009412, 32.6515215113571, 32.262888902306, 32.0943462183861, 31.7244979924731, 31.6372940129806, 30.8969516057511, 30.5011876490437, 30.0004430201355, 29.7316997340016, 29.5792284205244, 28.8412889673964, 27.6564258895922, 27.5894790715581, 27.3957441268958, 
24.9745740829408, 22.7926659204972, 20.6108094344859, 20.1422333846794, 19.85623017016, 19.6935785995213, 19.05736420336, 19.1552652043369, 19.6012069767996, 21.565660712159, 23.4716684025963, 24.0979092473254))",3.828691797603835,88677.9396825,TRUE,11868.03059375
EGY,Egypt,Africa,5.31125,"list(c(34.26544, 33.7734, 32.99392, 32.19247, 31.96041, 31.68796, 30.97693, 30.09503, 29.68342, 28.91353, 28.45048, 27.45762, 26.49533, 25.16482, 24.80287, 24.95762, 24.70007, 25, 25, 25, 29.02, 32.9, 36.86623, 36.69069, 35.52598, 35.49372, 35.69241, 34.79507, 34.47387, 34.10455, 33.34876, 32.73482, 32.32046, 32.42323, 33.13676, 33.58811, 33.92136, 34.15451, 34.42655, 34.64174, 34.9226, 34.26544, 31.2193599999999, 30.9674599999999, 31.0240699999999, 31.2603399999999, 30.9335999999999, 31.4295999999999, 
31.5558599999999, 31.4733999999999, 31.1868599999999, 30.8700499999999, 31.0257699999999, 31.3212599999999, 31.5856799999999, 31.5691499999999, 31.0892899999999, 30.6615999999999, 30.0441899999999, 29.2386545295333, 25.6824999963608, 21.9999999999999, 21.9999999999999, 21.9999999999999, 21.9999999999999, 22.2048499999999, 23.1024399999999, 23.7523699999998, 23.9267099999998, 25.0337499999998, 25.5985599999998, 26.1422699999998, 27.6998899999998, 28.7052299999999, 29.7604299999999, 29.8510799999999, 
28.4176499999999, 27.9713599999999, 27.6486999999998, 27.8232999999998, 28.3439899999999, 29.0994199999999, 29.5013299999999, 31.2193599999999))",2.2966728991153937,65713.50451125001,TRUE,22382.45629125
ERI,Eritrea,Africa,80.51625,"list(c(42.7796423683448, 43.0812260272002, 42.5895764503753, 42.2768306821449, 41.7349516131324, 41.1792749366977, 39.8142936541402, 39.266110060388, 38.99062299984, 38.4100899594732, 37.9040000000001, 37.1674700000001, 36.8525300000001, 36.7538603045186, 36.3231889177981, 36.4295100000001, 37.5937700000001, 37.9060700000001, 38.5129500000001, 39.0994, 39.3406100000001, 40.0262187029692, 40.8966, 41.1551937192498, 41.59856, 42.00975, 42.3515600000001, 42.7796423683448, 12.4554157576957, 12.6996385767071, 
13.0004212508619, 13.3439920109544, 13.9210368921415, 14.4910796167532, 15.4356472844003, 15.9227234969672, 16.8406261255516, 17.9983073999703, 17.42754, 17.2631400000001, 16.95655, 16.2918740910442, 14.822480577041, 14.42211, 14.2131, 14.9594300000001, 14.50547, 14.74064, 14.53155, 14.5195791691623, 14.1186400000001, 13.7733198104352, 13.4520900000001, 12.8658199999999, 12.5422300000001, 12.4554157576957))",0.18247894039284276,3601.705233375,FALSE,1676.915382875
ETH,Ethiopia,Africa,91.01,"list(c(37.5937700000001, 36.4295100000001, 36.2702200000001, 35.8636300000002, 35.2604900000001, 34.8316300000001, 34.7311500000001, 34.2574500000001, 33.9616200000001, 33.9749800000001, 33.8255000000002, 33.2948000000001, 32.9541800000002, 33.5682900000001, 34.0751000000002, 34.2503200000001, 34.70702, 35.2980071182331, 35.8174476623536, 35.8174476623536, 36.1590786328557, 36.8550932380083, 38.1209150000001, 38.4369700000002, 38.6711400000001, 38.8925100000001, 39.5593842587659, 39.8549400000001, 
40.7684800000001, 41.1718000000001, 41.8550830926441, 42.1286100000001, 42.7696700000001, 43.66087, 44.9636000000001, 47.7894200000001, 46.9483400000001, 43.67875, 43.2969900000001, 42.9281200000001, 42.55876, 42.776851841001, 42.5549300000001, 42.3141400000001, 41.7555700000002, 41.7395900000002, 41.6617600000001, 42.0000000000001, 42.3515600000001, 42.00975, 41.59856, 41.1552, 40.8966, 40.0262500000001, 39.3406100000001, 39.0994, 38.5129500000001, 37.9060700000001, 37.5937700000001, 14.2131, 14.42211, 
13.5633300000001, 12.5782800000001, 12.08286, 11.3189600000001, 10.9101700000001, 10.63009, 9.5835800000001, 8.68456000000015, 8.37916000000007, 8.35458000000005, 7.7849700000001, 7.71334000000002, 7.22595000000007, 6.82607000000007, 6.59422000000012, 5.50600000000003, 5.33823208279085, 4.77696566346203, 4.44786412767286, 4.44786412767286, 3.59860500000008, 3.5885100000001, 3.61607000000009, 3.50074000000006, 3.42206000000022, 3.83879000000013, 4.25702000000013, 3.91909000000004, 3.91891192048376, 
4.23413000000016, 4.25259000000023, 4.95755000000008, 5.00162000000012, 8.00299999999998, 7.99688000000009, 9.18358000000012, 9.54048000000017, 10.0219400000001, 10.5725800000001, 10.9268785669344, 11.1051100000002, 11.0342, 11.0509100000001, 11.3551100000001, 11.6312, 12.1000000000001, 12.5422300000001, 12.8658199999999, 13.4520900000001, 13.77333, 14.1186400000001, 14.51959, 14.53155, 14.74064, 14.50547, 14.9594300000001, 14.2131))",0.13101492367813,80206.70870375,FALSE,44865.7397925
GAB,Gabon,Africa,83.97375,"list(c(11.8551216976481, 11.4780387712143, 11.8209635759032, 12.4957027523382, 12.5752844580676, 13.1096187679656, 13.9924072608077, 14.2992102393246, 14.4254557634136, 14.3164184912777, 13.8433207536457, 14.276265903387, 14.0266687354172, 13.2826314632788, 13.0031136410121, 13.0758223812468, 12.9513338558556, 12.3593803239522, 11.7516654801998, 11.2764490088437, 11.2850789730365, 9.83028405115565, 9.49288862472199, 9.29135053878369, 9.04841963057959, 8.83008670414643, 8.79799563969317, 9.40524539555497, 
10.0661352881357, 11.0937728206919, 11.8551216976481, -3.42687061932105, -2.76561899171424, -2.51416147218198, -2.39168832765024, -1.94851124431513, -2.42874032960351, -2.4708049454891, -1.99827564861221, -1.33340667074497, -0.552627455247048, 0.038757635901149, 1.19692983642662, 1.39567739502115, 1.31418366129688, 1.83089630778332, 2.26709707275902, 2.32161570882694, 2.19281220133945, 2.32675751383999, 2.26105093018087, 1.05766185140001, 1.0678937849938, 1.01011953369149, 0.268666083167687, -0.459351494960217, 
-0.779073581550037, -1.1113013647545, -2.14431324626904, -2.96948251710568, -3.97882659263055, -3.42687061932105))",2.7981320401548686,7921.152583375,FALSE,549.483956125
GHA,Ghana,Africa,44.95375,"list(c(0.836931186536333, 0.570384148774849, 0.490957472342245, 0.712029249686878, 0.461191847342121, 0.365900506195885, 0.367579990245389, -0.0497847151599444, 0.0238025244237008, -0.438701544588582, -0.761575893548184, -1.20335771321143, -2.94040930827046, -2.96389624674711, -2.82749630371271, -2.56218950032624, -2.98358496745033, -3.24437008301126, -2.81070146321784, -2.8561250472024, -1.96470659016759, -1.06362464029419, -0.507637905265938, 1.06012169760493, 0.836931186536333, 6.27997874595215, 
6.91435862876719, 7.41174428957648, 8.31246450442383, 8.67722260175601, 9.46500397382948, 10.1912128768272, 10.7069178328839, 11.0186817489008, 11.0983409692787, 10.9369296330151, 11.0098192407627, 10.9626903345126, 10.3953347843801, 9.64246084231978, 8.21962779381148, 7.37970490155551, 6.2504715031135, 5.38905121502411, 4.99447581625951, 4.71046214438337, 5.00054779705381, 5.34347260174267, 5.92883738852888, 6.27997874595215))",0.5078842916432018,9969.534346,TRUE,5172.269482625
GIN,Guinea,Africa,74.79875,"list(c(-8.28070349774494, -8.2217923649322, -8.29904863120857, -8.20349890790088, -7.83210038901919, -8.07911373537435, -8.30961646161225, -8.22933712404682, -8.02994361004862, -8.33537716310974, -8.28235714357828, -8.40731075686003, -8.62032101076713, -8.58130530438678, -8.37630489748492, -8.78609900555947, -8.90526485842453, -9.12747351727959, -9.32761633954601, -9.56791174970321, -9.89099280439202, -10.1652137923488, -10.5932238428063, -10.8708296370782, -11.0365559554383, -11.2975736149445, -11.4561685856483, 
-11.5139428369506, -11.6583009505579, -12.2035648258856, -12.2785990055734, -12.4990506657306, -13.2178181624782, -13.7004760400843, -13.7187436588995, -13.8282718571421, -13.7431607731574, -13.9007997298638, -14.1214064193178, -14.3821915348787, -14.6856872217289, -15.1303112451682, -14.8395537988779, -14.6932319808435, -14.5796988590983, -14.3300758529124, -14.0740449691223, -13.6851539779098, -13.2465502588325, -12.7119575667731, -12.5967191227622, -12.4259285140376, -12.150338100625, -11.9172773909887, 
-11.1174812484073, -10.8391519840833, -10.622395188835, -10.6547704736659, -10.4943151513996, -10.5054772607747, -10.2300935530913, -10.0165665348613, -9.75534216962584, -9.33727983238458, -9.40334815106975, -9.20878638349085, -8.926064622422, -8.72212358238213, -8.4392984684487, -8.28070349774494, 7.68717967369216, 8.12332876223557, 8.3164435897103, 8.45545319257545, 8.57570425051863, 9.37622386315203, 9.78953196862244, 10.1290202905639, 10.2065349390017, 10.4948119165419, 10.7925973576238, 10.9092569035228, 
10.8108908146552, 11.1362456323648, 11.3936459416106, 11.8125609399847, 12.0883580591264, 12.3080604110153, 12.3342862004034, 12.1942430688925, 12.060478623905, 11.8440835636827, 11.923975328006, 12.1778874780721, 12.2112446151165, 12.0779710962358, 12.0768342147253, 12.4429875757294, 12.3865827498828, 12.4656476912894, 12.3544400089973, 12.332089952031, 12.575873521368, 12.5861829696102, 12.2471855737755, 12.142644151249, 11.8112690291774, 11.6787189803487, 11.6771170109477, 11.5092719588637, 11.5278237980565, 
11.0404116886795, 10.8765715600981, 10.656300767454, 10.2144672713585, 10.015719712764, 9.88616689700825, 9.49474376061346, 8.90304861087151, 9.34271169681077, 9.62018830000197, 9.83583405195595, 9.85857168216438, 10.0469839543006, 10.0458729110063, 9.68824616133037, 9.26791006106828, 8.9771784529942, 8.71554067630044, 8.34889638918961, 8.40620555260129, 8.42850393313523, 8.54105520266693, 7.92853445071135, 7.52690521893891, 7.31392080324795, 7.30903738039637, 7.71167430259851, 7.68604279218174, 
7.68717967369216))",0.2490490509081315,14461.68745875,FALSE,5895.669412625
GMB,Gambia,Africa,51.30625,"list(c(-15.9312959456922, -15.691000535535, -15.5118125065629, -15.1411632959495, -14.7121972314946, -14.2777017887846, -13.8449633447724, -14.0469923568175, -14.3767138330558, -14.6870308089685, -15.0817353988138, -15.3987703109245, -15.6245963200399, -16.7137288070235, -16.8415246240813, -15.9312959456922, 13.1302841252113, 13.2703530949384, 13.2785696476729, 13.5095116235852, 13.2982066919438, 13.2805850285322, 13.505041612192, 13.7940678980004, 13.6256802433774, 13.6303569604998, 13.876491807506, 
13.8603687606309, 13.6235873478695, 13.5949586043798, 13.1513939478025, 13.1302841252113))",0.23866231918759626,1257.523394875,FALSE,334.009575
GNB,Guinea-Bissau,Africa,87.03,"list(c(-14.6856872217289, -14.3821915348787, -14.1214064193178, -13.9007997298638, -13.7431607731574, -13.8282718571421, -13.7187436588995, -13.7004760400843, -15.548476935274, -15.8165742660043, -16.1477168441306, -16.6774519515546, -16.6138382634033, -16.3089473128812, -16.3147867497302, -16.0852141992736, -15.6641804671755, -15.1303112451682, -14.6856872217289, 11.5278237980565, 11.5092719588637, 11.6771170109477, 11.6787189803487, 11.8112690291774, 12.142644151249, 12.2471855737755, 12.5861829696102, 
12.6281700708473, 12.5155671248833, 12.5477615422012, 12.384851589401, 12.1709111597127, 11.9587018905061, 11.8065147974065, 11.5245940210382, 11.4584740259208, 11.0404116886795, 11.5278237980565))",0.1578615536965809,1203.299852625,FALSE,743.445754875
GNQ,Eq. Guinea,Africa,5.19625,"list(c(9.83028405115565, 11.2850789730365, 11.2764490088437, 9.64915815597263, 9.30561323409626, 9.49288862472199, 9.83028405115565, 1.0678937849938, 1.05766185140001, 2.26105093018087, 2.28386607503773, 1.16091136311918, 1.01011953369149, 1.0678937849938))",4.098180100566146,6021.065053,TRUE,33.90525025
KEN,Kenya,Africa,73.2775,"list(c(40.98105, 41.855083092644, 41.1718, 40.76848, 39.85494, 39.5593842587659, 38.89251, 38.67114, 38.43697, 38.120915, 36.8550932380081, 36.1590786328557, 35.8174476623535, 35.8174476623535, 35.298007118233, 34.6201962678539, 34.005, 34.47913, 34.59607, 35.03599, 34.6721, 34.18, 33.893568969667, 33.9037111971045, 34.07262, 37.69869, 37.7669, 39.20222, 39.60489, 39.80006, 40.12119, 40.26304, 40.63785, 40.88477, 41.58513, 40.993, 40.98105, 2.78452, 3.91891192048373, 3.91909, 4.25702, 3.83879, 3.42206, 
3.50074, 3.61607, 3.58851, 3.598605, 4.44786412767277, 4.44786412767277, 4.77696566346189, 5.3382320827908, 5.506, 4.84712274208199, 4.24988494736205, 3.5556, 3.05374, 1.90584, 1.17694, 0.515, 0.109813537861896, -0.95, -1.05982, -3.09699, -3.67712, -4.67677, -4.34653, -3.68116, -3.27768, -2.57309, -2.49979, -2.08255, -1.68325, -0.85829, 2.78452))",0.3687679659786939,31568.64303125,FALSE,17462.68271
LBR,Liberia,Africa,90.91125,"list(c(-7.63536821128403, -7.53971513511176, -7.57015255373169, -7.99369259279588, -8.31134762209402, -8.60288021486862, -8.38545162600057, -8.48544552248535, -8.4392984684487, -8.72212358238213, -8.926064622422, -9.20878638349085, -9.40334815106975, -9.33727983238458, -9.75534216962584, -10.0165665348613, -10.2300935530913, -10.6955948551765, -11.1467042708684, -11.1998018050483, -11.4387794661821, -10.7653838769866, -9.91342037600668, -9.00479366701867, -7.97410722495725, -7.71215938966975, -7.63536821128403, 
5.18815908448946, 5.31334524171652, 5.7073521997259, 6.12618968345154, 6.19303314862109, 6.46756419517166, 6.91180064536874, 7.39520783124307, 7.68604279218174, 7.71167430259851, 7.30903738039637, 7.31392080324795, 7.52690521893891, 7.92853445071135, 8.54105520266693, 8.42850393313523, 8.40620555260129, 7.93946401614109, 7.39670644777954, 7.10584564862474, 6.78591685630575, 6.14071076092556, 5.59356069581921, 4.8324185245922, 4.35575511313196, 4.36456594483772, 5.18815908448946))",0.24767687303222838,335.321547375,FALSE,289.307447125
LBY,Libya,Africa,2.77625,"list(c(15.8608500000001, 19.8492600000001, 23.8376600000001, 23.8500000000001, 25.0000000000001, 25.0000000000001, 25.0000000000001, 25.0000000000001, 24.70007, 24.9576200000001, 24.80287, 25.1648200000001, 24.9211399999999, 23.9275, 23.6091300000001, 23.2368, 22.8957600000001, 21.54298, 20.8545200000001, 20.1339699999999, 19.8203300000001, 20.05335, 19.5740400000001, 19.08641, 18.02109, 16.61162, 15.7139399999999, 15.24563, 13.91868, 13.0832600000001, 12.66331, 11.488787469131, 11.4322534522038, 
10.9447896663945, 10.6369014827995, 9.9502250505052, 10.0565751481617, 9.97001712407297, 9.48213992680542, 9.80563439295236, 9.85999799972348, 9.68388471847288, 9.75612837081679, 9.62905602381108, 9.71628584151967, 9.31941084151822, 9.91069257980177, 9.94826134607803, 10.3038468766785, 10.771363559623, 11.560669386449, 11.9995056494717, 13.5814245947905, 14.1438708838552, 14.8513, 15.8608500000001, 23.4097199999998, 21.4950899999999, 19.58047, 20, 20.00304, 21.9999999999999, 25.6824999963608, 29.2386545295334, 
30.0441899999999, 30.6616, 31.0892899999999, 31.56915, 31.8993599999999, 32.01667, 32.1872599999999, 32.19149, 32.6385799999999, 32.8432, 32.7067999999999, 32.2381999999999, 31.7517900000001, 30.9857599999999, 30.5258199999999, 30.2663899999999, 30.7635699999999, 31.1821799999999, 31.3762599999999, 32.26508, 32.71196, 32.87882, 32.79278, 33.1369957545232, 32.3689031031528, 32.0818146835553, 31.7614208033456, 31.3760696477452, 30.9618313664934, 30.5393248560753, 30.3075560572461, 29.4246383733233, 
28.9599897323709, 28.1441738957792, 27.688258571884, 27.1409534774809, 26.5122063257855, 26.0943248560573, 25.3654546167966, 24.9369536402325, 24.3793132593708, 24.5625320500616, 24.0979092473255, 23.4716684025963, 23.0405060897691, 22.491288967371, 22.86295, 23.4097199999998))",8.8161741441156,41366.377595,TRUE,1812.848002375
LSO,Lesotho,Africa,42.0375,"list(c(28.5417000668555, 28.0743384132078, 27.5325110206275, 26.9992619158076, 27.7493970069565, 28.1072046241454, 28.2910693702399, 28.8483996925077, 29.018415154748, 29.3251664568326, 28.9782625668573, 28.5417000668555, -28.6475017229374, -28.8514686011934, -29.2427108700752, -29.8759538713799, -30.6451058896121, -30.5457321103148, -30.2262167294542, -30.0700505510681, -29.7437655575772, -29.2573869768461, -28.9555966122616, -28.6475017229374))",1.0982183332105597,1025.3483611249999,TRUE,565.077016
MAR,Morocco,Africa,10.9825,"list(c(-5.92999426921983, -6.24434200685141, -6.91254411460136, -7.65417843263822, -8.65747636558504, -9.30069291832183, -9.43479326011937, -9.81471839032918, -9.56481116376563, -10.3995922510086, -10.9009569971044, -11.6889192366908, -12.6188366357831, -13.1216133699147, -13.1399417790143, -13.7738048975065, -14.4399399479648, -14.8009256657397, -14.8246451481617, -15.0893318343607, -15.4260037907422, -15.9826106429581, -16.3264139469959, -16.2619217594957, -16.5891369287676, -16.9732478499932, 
-17.0204284326758, -17.0029617985611, -14.7509545557134, -14.6308326888509, -14.2211677718572, -13.891110398809, -12.5009626937254, -12.0307588363017, -11.7182197738003, -11.392554897497, -10.5512625797853, -10.1894242008775, -9.73534339032875, -9.41303748212451, -8.79488399904903, -8.81782833498665, -8.81780900794053, -8.66558956545484, -8.67411617678283, -7.0592276676619, -6.06063229005375, -5.24212927898279, -4.85964616537444, -3.69044104655467, -3.64749793132015, -3.06898027181265, -2.61660478352957, 
-1.30789913573787, -1.12455115396619, -1.3880492822226, -1.73345455566141, -1.79298580566166, -2.16991370279862, -2.60430579264411, -3.64005652507001, -4.59100623210514, -5.19386349122203, -5.92999426921983, 35.759988104794, 35.1458653834375, 34.1104763860374, 33.6970649277025, 33.2402452662424, 32.5646792668906, 32.0380964218364, 31.177735500609, 29.9335737167497, 29.0985859237776, 28.8321422388808, 28.1486439071725, 28.0381855331485, 27.6541476717197, 27.6401478134203, 26.6188923202521, 26.2544184432975, 
25.6362649602221, 25.1035326197251, 24.5202607284468, 24.3591336125609, 23.723358466074, 23.0177684595607, 22.6793395044811, 22.15823436125, 21.8857445337748, 21.4223102889815, 21.4207341577966, 21.5006000839037, 21.8609398462747, 22.3101630721882, 23.6910090194592, 24.770116278578, 26.030866197203, 26.1040917017606, 26.8834239771542, 26.9908076034567, 26.8609447291073, 26.8609447291073, 27.0884760604884, 27.1206963160224, 27.6564258895923, 27.6564258895923, 27.6564258895923, 28.8412889673965, 29.5792284205245, 
29.7316997340017, 30.0004430201355, 30.5011876490438, 30.8969516057511, 31.6372940129807, 31.7244979924732, 32.0943462183861, 32.262888902306, 32.6515215113571, 32.8640150009413, 33.9197128362321, 34.5279186060913, 35.1683963079167, 35.1790933294011, 35.399855048152, 35.3307119817456, 35.7551821965908, 35.759988104794))",1.7668701620781475,11568.05226,TRUE,8687.1042835
MDG,Madagascar,Africa,82.56625,"list(c(49.1946513201933, 48.863508742067, 48.8450602557388, 48.2938277524814, 47.8690474790422, 48.0052148781313, 47.7051298358124, 46.8821826515643, 46.3122432798172, 45.8729936053363, 45.502731967965, 44.9449365578065, 44.4465173683514, 44.3124687029863, 43.9630843442609, 44.0429761085842, 44.2324219093662, 44.4643974139244, 44.3743253924397, 43.8963700701721, 43.8936828956929, 43.4332975604046, 43.254187046081, 43.3456543312376, 43.6977775408745, 43.7637683449112, 44.0397204933498, 44.8335738462176, 
45.4095076841105, 46.2824776548171, 47.0957613462266, 47.5477234230513, 47.9307491391987, 48.548540887248, 49.041792433474, 49.4356185239703, 49.4986120949341, 49.7745642433727, 49.8633443540502, 49.6726066424609, 49.8606055031387, 50.2002746925932, 50.377111443896, 50.4765368996256, 50.2174312681141, 50.0565108579572, 49.8089807472791, 49.5435189145958, 49.1946513201933, -12.040556735892, -12.4878679338104, -13.0891748999587, -13.7840678849875, -13.6638685034766, -14.0912325985304, -14.5943026668917, 
-15.2101823869463, -15.7800184058288, -15.7934542782247, -15.9743734676785, -16.1793738745804, -16.2162191708045, -16.8504957007549, -17.4099447567467, -18.3313872209431, -18.9619947242008, -19.435454196859, -20.0723662248563, -20.8304594865781, -21.16330738697, -21.3364751115801, -22.057413018484, -22.7769039852837, -23.5741163062504, -24.4606771786498, -24.9883452287821, -25.3461011695388, -25.6014344214929, -25.178462823184, -24.9416297339903, -23.7819589169284, -22.3915011532509, -20.496888116134, 
-19.1187810197744, -17.9530640601343, -17.1060356584382, -16.8750420060935, -16.4510368791387, -15.7102035458025, -15.4142526180669, -16.0002633602567, -15.7060694312191, -15.2265121395505, -14.7587887508768, -13.555761407122, -12.8952849259996, -12.4698328589405, -12.040556735892))",0.12795500269483637,16742.177755,FALSE,7879.580894625
MLI,Mali,Africa,75.61625000000001,"list(c(-12.1248874577213, -11.9277160303116, -11.5533977930054, -11.4678991357785, -11.5139428369506, -11.4561685856483, -11.2975736149445, -11.0365559554383, -10.8708296370782, -10.5932238428063, -10.1652137923488, -9.89099280439202, -9.56791174970321, -9.32761633954601, -9.12747351727959, -8.90526485842453, -8.78609900555947, -8.37630489748492, -8.58130530438678, -8.62032101076713, -8.40731075686003, -8.28235714357828, -8.33537716310974, -8.02994361004862, -7.89958980959238, -7.62275916180481, 
-6.85050655763506, -6.66646094402755, -6.49396501303727, -6.20522294760643, -6.05045203289227, -5.81692623536529, -5.40434159994698, -5.47056494792901, -5.19784257650865, -5.22094194174312, -4.4271661035238, -4.28040503581488, -4.00639075358723, -3.52280270019986, -3.10370683431276, -2.96769446452058, -2.19182451009039, -2.00103512206877, -1.06636349120566, -0.515854458000348, -0.26625729003058, 0.374892205414682, 1.01578331869851, 1.38552819174686, 2.74999270998148, 3.63825890464648, 3.72342166506348, 
4.2702099951438, 4.26741946780004, 3.15813317222271, 3.1466610042539, 2.68358849448643, 2.06099083823392, 1.82322757325903, -1.55005489745761, -4.92333736817423, -6.45378658693034, -5.97112870932425, -5.48852250815044, -5.31527726889193, -5.53774430990845, -9.55023840985939, -9.70025509280271, -10.0868464827782, -10.6507913883794, -11.3490950179395, -11.6660782536179, -11.8342075260795, -12.1707502913803, -12.1248874577213, 13.9947274845898, 13.4220751001474, 13.1412136906411, 12.754518947801, 12.4429875757294, 
12.0768342147253, 12.0779710962358, 12.2112446151165, 12.1778874780721, 11.923975328006, 11.8440835636827, 12.060478623905, 12.1942430688925, 12.3342862004034, 12.3080604110153, 12.0883580591264, 11.8125609399847, 11.3936459416106, 11.1362456323648, 10.8108908146552, 10.9092569035228, 10.7925973576238, 10.4948119165419, 10.2065349390017, 10.2973821069708, 10.1472362329468, 10.1389938419962, 10.4308106551484, 10.4113028019583, 10.5240607772191, 10.0963607853554, 10.2225546330122, 10.3707368026091, 
10.951269842976, 11.3751457788501, 11.7138589543072, 12.5426455754043, 13.2284435083497, 13.4724854598481, 13.3376616479986, 13.5412667912286, 13.7981503361515, 14.2464175480673, 14.5590082870009, 14.9738150090077, 15.1161577417557, 14.9243089868721, 14.9289081893461, 14.9681822778879, 15.3235611027591, 15.4095248478767, 15.5681198185804, 16.1842837590126, 16.8522274846012, 19.1552652043369, 19.05736420336, 19.6935785995213, 19.85623017016, 20.1422333846794, 20.6108094344859, 22.7926659204972, 24.9745740829408, 
24.9565906845033, 20.6408334416475, 16.3251020370079, 16.2018537459918, 15.5016897648692, 15.4864968937754, 15.2641073674073, 15.3304857446862, 15.1327458765214, 15.4112560083584, 15.3882083195563, 14.7990969914289, 14.6168342147355, 13.9947274845898))",0.17983406172536162,19410.169586250002,FALSE,12402.847132500001
MOZ,Mozambique,Africa,80.9725,"list(c(34.280006137842, 34.5599890479994, 34.9071513201362, 35.267956170398, 35.686845330556, 35.7719047381084, 35.3390629412317, 35.0338102556835, 34.3812919451341, 34.3072912940921, 34.5176660499523, 34.4596334164885, 34.0648254737786, 33.7897001482567, 33.2140246925252, 30.1794812354818, 30.2742558123051, 30.3389547055345, 31.1730639991577, 31.6364982439512, 31.8520406430406, 32.3282389666102, 32.8476387875758, 32.8498608741644, 32.6548856951271, 32.6119942563249, 32.7727079607526, 32.6597432797626, 
32.5086930681735, 32.244988234188, 31.1914091326213, 31.6703979835347, 31.9305888201243, 31.7524084815819, 31.8377779477281, 31.985779249812, 32.0716654802811, 32.8301204770289, 32.9159550310657, 32.6603633969501, 32.5746321957779, 33.013210076639, 34.2158240089355, 35.0407348976107, 35.4587455584196, 35.6074703305556, 35.3717741228724, 35.5339347674043, 35.5625455363691, 35.3858482537054, 35.3734277687057, 35.1761271502154, 34.7018925310729, 34.78638349787, 35.1983996925332, 35.8964966163641, 36.2812793312094, 
37.4111328468389, 38.5383508644215, 39.4525586280971, 40.0892639503652, 40.4772506040126, 40.775475294769, 40.5996203956798, 40.5608113950286, 40.4372530454187, 40.478387485523, 40.3165885760172, 39.5210299008838, 38.4275565935877, 37.8276448911114, 37.4712842140266, 36.7751509946228, 36.5140816586843, 35.312397902169, 34.5599890479994, 34.280006137842, -12.2800253231325, -13.5799976538669, -13.5654248999606, -13.8878341610295, -14.6110458309543, -15.8968588192407, -16.1074402808301, -16.801299737213, 
-16.183559665596, -15.4786414527026, -15.0137085913726, -14.6130095353814, -14.3599500464481, -14.451830743063, -13.9718600399361, -14.7960991349915, -15.5077869605152, -15.8808391252302, -15.8609436987978, -16.0719902482778, -16.3194170060913, -16.3920740698937, -16.7133981258846, -17.9790573055771, -18.6720899390434, -19.4193828264162, -19.7155921363132, -20.3042900529822, -20.3952922502482, -21.1164885393136, -22.2515096981723, -23.6589690080737, -24.3694165992224, -25.4842839494872, -25.8433318010512, 
-26.2917798804801, -26.7338200823048, -26.742191664336, -26.2158672014433, -26.1485844865993, -25.7273182105559, -25.3575733375076, -24.8163143856825, -24.4783505184936, -24.1226099585964, -23.7065630022145, -23.5353589820315, -23.0707878557276, -22.0899999999999, -22.1399999999999, -21.8408370907487, -21.2543612606683, -20.4970431454309, -19.7840117326676, -19.5528113745938, -18.8422604305806, -18.6596875952934, -17.5863680965912, -17.1010230445059, -16.7208912085669, -16.1007740210644, -15.4062944474939, 
-14.6917644181942, -14.2019751929318, -12.639176527561, -11.761710707245, -10.76544076909, -10.3170960425257, -10.8968539364082, -11.2852023250817, -11.2687692196128, -11.5687509090672, -11.5945374487808, -11.7209380021667, -11.4391464168791, -11.5200200334159, -12.2800253231325))",0.21211272358405775,15748.805323749999,FALSE,9459.250821125
MRT,Mauritania,Africa,29.29125,"list(c(-11.8342075260795, -11.6660782536179, -11.3490950179395, -10.6507913883794, -10.0868464827782, -9.70025509280271, -9.55023840985939, -5.53774430990845, -5.31527726889193, -5.48852250815044, -5.97112870932425, -6.45378658693034, -4.92333736817423, -8.68439978680906, -8.6872936670174, -11.9694189111712, -11.9372244938533, -12.8742215641696, -13.1187544417747, -12.9291019352635, -16.845193650774, -17.0634232243426, -16.5363236149655, -16.2778381006415, -16.3776511296133, -16.2568833073472, -16.1463474186748, 
-16.2705517236884, -16.5497078109291, -16.4630981104079, -16.1206900700419, -15.6236661442587, -15.1357372705588, -14.577347581429, -14.0995214502422, -13.4357376774531, -12.8306583317475, -12.1707502913803, -11.8342075260795, 14.7990969914289, 15.3882083195563, 15.4112560083584, 15.1327458765214, 15.3304857446862, 15.2641073674073, 15.4864968937754, 15.5016897648692, 16.2018537459918, 16.3251020370079, 20.6408334416475, 24.9565906845033, 24.9745740829408, 27.3957441268958, 25.8810562199887, 25.9333527694681, 
23.374594224536, 23.284832261645, 22.7712202010961, 21.3270706242674, 21.3333234725748, 20.9997521021307, 20.5678663192514, 20.0925206568146, 19.5938172469819, 19.0967158065502, 18.1084815536166, 17.1669627954748, 16.6738921167619, 16.1350361190384, 16.4556625431933, 16.3693370630498, 16.5872824162407, 16.5982636581028, 16.3043022730105, 16.0393830428661, 15.3036915145429, 14.6168342147355, 14.7990969914289))",0.7275067853312329,6512.3435785,TRUE,3074.327194
MWI,Malawi,Africa,78.105,"list(c(34.280006137842, 33.9408377240966, 33.7397290382305, 32.7593754412213, 33.2313879737753, 33.4856876970836, 33.3153104998173, 33.1142891782019, 33.3064221534631, 32.9917643572379, 32.6881653175231, 33.2140246925252, 33.7897001482567, 34.0648254737786, 34.4596334164885, 34.5176660499523, 34.3072912940921, 34.3812919451341, 35.0338102556835, 35.3390629412317, 35.7719047381084, 35.686845330556, 35.267956170398, 34.9071513201362, 34.5599890479994, 34.280006137842, 34.5599890479994, 34.280006137842, 
-10.1599996883584, -9.6936738419803, -9.41715097416272, -9.23059905358906, -9.6767216935648, -10.5255587703911, -10.7965499813297, -11.6071981746923, -12.4357780900602, -12.7838705379783, -13.7128577612893, -13.9718600399361, -14.451830743063, -14.3599500464481, -14.6130095353814, -15.0137085913726, -15.4786414527026, -16.183559665596, -16.801299737213, -16.1074402808301, -15.8968588192407, -14.6110458309543, -13.8878341610295, -13.5654248999606, -13.5799976538669, -12.2800253231325, -11.5200200334159, 
-10.1599996883584))",0.07399030855221557,3257.2327895,FALSE,3612.14831075
NAM,Namibia,Africa,30.3225,"list(c(16.8240173682409, 17.2189286638154, 17.3874971859515, 17.8361519711095, 18.4648991228048, 19.0021273129111, 19.8947343278886, 19.8957678565344, 19.8954577979407, 20.8811340674759, 20.9106413103145, 21.655040317479, 23.1968583513393, 23.5790055681377, 24.2173645362392, 24.5207051937925, 25.0844433936646, 25.0769503109823, 24.6823490740015, 24.0338615251708, 23.2150484555061, 21.3771761410456, 18.9561869646036, 18.2633093604342, 14.209706658595, 14.058501417709, 13.46236209479, 12.8140812516884, 
12.2154614600194, 11.7341988460851, 11.7949186540281, 12.6085640804636, 12.8268453304645, 13.3524979997374, 13.8686422054687, 14.2577140641942, 14.3857165869812, 14.4081441585958, 14.7432141455763, 14.9897107276086, 15.2104724463595, 15.6018180681058, 16.3449768408952, 16.8240173682409, -28.0821615536643, -28.3559432919467, -28.7835140927297, -28.8563778622612, -29.0454619280171, -28.9724431291887, -28.4611048316606, -24.7677902157604, -21.8491569963477, -21.814327080983, -18.252218926672, -18.2191460100052, 
-17.8690381812277, -18.28126108162, -17.8893470191184, -17.8871249325299, -17.6618156877373, -17.5788233374766, -17.3534107398194, -17.2958431942463, -17.5231161434659, -17.9306364885196, -17.7890947404722, -17.3099508602619, -17.3531006812257, -17.4233806291426, -16.9712118465887, -16.941342868724, -17.111668389558, -17.3018893368244, -18.0691293270619, -19.0453488094876, -19.6731657854016, -20.8728341610574, -21.6990369605398, -22.1112081844998, -22.6566529273405, -23.8530140113297, -25.3929200171952, 
-26.117371921495, -27.0909559058739, -27.8212472470227, -28.5767050106976, -28.0821615536643))",1.7508583928735488,4904.506091125,TRUE,3546.976982375
NER,Niger,Africa,79.1675,"list(c(2.49016360841801, 2.84864301922659, 3.61118045412559, 3.68063357912593, 3.96728274904894, 4.10794599774738, 4.36834354006601, 5.44305830244014, 6.44542605960572, 6.82044192874781, 7.33074669763005, 7.80467125817887, 9.01493330245444, 9.52492801274309, 10.1148144873547, 10.7010319352738, 10.9895931331915, 11.5278031755115, 12.3020711605406, 13.0839872575488, 13.3187016130186, 13.9953528174483, 14.1813362972669, 14.2135307145848, 14.4957873877629, 14.5957812842476, 13.9544767595056, 13.9566988460941, 
13.5403935075508, 13.9722017757817, 15.2477311540418, 15.3004411149797, 15.6857405941478, 15.9032466976643, 15.4871480648501, 15.4710766944073, 15.0968876481818, 14.8513, 14.1438708838552, 13.5814245947905, 11.9995056494717, 8.57289310062987, 5.67756595218072, 4.2674194678001, 4.27020999514389, 3.7234216650636, 3.63825890464659, 2.74999270998154, 1.38552819174697, 1.01578331869848, 0.374892205414767, 0.295646396495215, 0.429927605805517, 0.993045688490156, 1.02410322429762, 2.17710778159392, 2.15447350424995, 
2.49016360841801, 12.2330520695436, 12.2356358911582, 11.660167141156, 12.5529033472142, 12.9561087101716, 13.5312157251479, 13.7474815942894, 13.8659239771022, 13.4927684595227, 13.1150912541176, 13.0980380314612, 13.3435269230637, 12.8266592472804, 12.8511021997546, 13.2772518986495, 13.246917832894, 13.3873226994312, 13.3289800073735, 13.0371890324375, 13.5961471623225, 13.5563563094579, 12.4615652531383, 12.4836569279432, 12.8020354272933, 12.8593962671373, 13.3304269474778, 13.3534487980638, 
13.9966911890169, 14.3671336939012, 15.6843659530211, 16.6273058130507, 17.9279499374049, 19.9571800806423, 20.3876189234174, 20.7304145370255, 21.0484571395659, 21.3085187850748, 22.86295, 22.491288967371, 23.0405060897691, 23.4716684025963, 21.5656607121591, 19.6012069767997, 19.155265204337, 16.8522274846013, 16.1842837590126, 15.5681198185804, 15.4095248478767, 15.3235611027592, 14.968182277888, 14.9289081893461, 14.4442349308806, 13.9887330184439, 13.3357496200039, 12.8518256698066, 12.6250178084775, 
11.9401500513134, 12.2330520695436))",0.09919235770402544,23438.29605125,FALSE,10835.986815875
NGA,Nigeria,Africa,82.04625,"list(c(8.75753299320863, 9.23316287602304, 9.5227059261544, 10.1182768083183, 10.4973751156114, 11.0587878760304, 11.7457743669185, 11.8393087093668, 12.0639461605396, 12.2188721045506, 12.7536715023392, 12.955467970439, 13.1675997249971, 13.3086763851539, 13.5729496598946, 14.4153788591167, 14.468192172919, 14.5771777686225, 14.1813362972668, 13.9953528174484, 13.3187016130186, 13.0839872575489, 12.3020711605405, 11.5278031755114, 10.9895931331915, 10.7010319352737, 10.1148144873547, 9.52492801274295, 
9.01493330245447, 7.80467125817879, 7.33074669763002, 6.82044192874776, 6.44542605960564, 5.44305830244016, 4.36834354006607, 4.10794599774732, 3.96728274904885, 3.68063357912581, 3.61118045412556, 3.57221642417747, 3.79711225751171, 3.6000700211828, 3.70543826662592, 3.2203515967021, 2.91230838381026, 2.72379275880951, 2.74906253420022, 2.69170169435625, 3.57418012860455, 4.32560713056068, 5.03357425295937, 5.36280480309088, 5.89817264163469, 6.6980721370806, 7.08259646976444, 7.46210818851594, 
8.50028771325969, 8.75753299320863, 5.47966583904791, 6.44449066815333, 6.45348236737212, 7.03876963950988, 7.05535777427557, 6.6444267846906, 6.98138296144976, 7.39704234458944, 7.7998084578723, 8.30582408287432, 8.717762762889, 9.41777171471471, 9.64062632897341, 10.1603620467489, 10.7985659855536, 11.5723688826921, 11.9047516951934, 12.0853608260535, 12.4836569279431, 12.4615652531383, 13.5563563094578, 13.5961471623226, 13.0371890324375, 13.3289800073736, 13.3873226994311, 13.2469178328941, 13.2772518986494, 
12.8511021997545, 12.8266592472804, 13.3435269230637, 13.0980380314612, 13.1150912541175, 13.4927684595227, 13.8659239771023, 13.7474815942893, 13.5312157251478, 12.9561087101716, 12.5529033472142, 11.660167141156, 11.3279393579515, 10.7347455916731, 10.3321861841194, 10.0632103540402, 9.4441525333997, 9.13760793704432, 8.50684540448971, 7.87073436119289, 6.25881724692863, 6.25830048260572, 6.27065114992347, 5.61180247641823, 4.88797068930596, 4.26245331462899, 4.24059418376952, 4.46468903240323, 
4.41210826254624, 4.77198293702685, 5.47966583904791))",0.5892232084675537,147499.1897125,FALSE,37615.05932375
RWA,Rwanda,Africa,85.76125,"list(c(29.821518588996, 29.5794661801409, 29.2918868344366, 29.2548348324834, 29.1174788754516, 29.0249263852168, 29.6321761410786, 29.9383590024079, 30.469696079233, 30.7583089535831, 30.8161348813177, 30.4191048520192, 29.821518588996, -1.44332244222979, -1.34131316488563, -1.62005584066799, -2.21510995850891, -2.29221119548838, -2.83925790773016, -2.9178577612461, -2.34848683025424, -2.41385751710346, -2.28725025798837, -1.69891407634539, -1.13465911215042, -1.44332244222979))",0.09431173953688617,2485.81785,FALSE,1845.8688765
SDN,Sudan,Africa,61.41625,"list(c(33.9616200000001, 34.2574500000001, 34.7311500000001, 34.8316300000001, 35.2604900000001, 35.86363, 36.2702200000001, 36.4295100000001, 36.32322, 36.7538900000001, 36.8525300000001, 37.1674700000001, 37.9040000000001, 38.4100899594732, 37.8627600000001, 37.4817900000001, 37.1147000000001, 36.9694099999999, 37.1887200000001, 36.86623, 32.9, 29.02, 25.0000000000001, 25.0000000000001, 23.8500000000001, 23.8376600000001, 23.8868900000001, 23.0245900000001, 22.5679500000001, 22.30351, 22.51202, 
22.18329, 22.29658, 22.03759, 21.93681, 22.28801, 22.49762, 22.50869, 22.8762199999999, 22.8641654802443, 22.9775435726928, 23.5543042335022, 23.5572497901429, 23.3947790870173, 23.459012892356, 23.8058134294668, 23.8869795808607, 24.1940677211877, 24.537415163602, 24.7949257454127, 25.069603699344, 25.790633328414, 25.962307049621, 26.4773282132425, 26.7520061671738, 27.1125209817089, 27.8335506107788, 27.9708895877444, 28.9665971707458, 29.0009319149872, 29.5159530786086, 29.6189573113328, 29.9966394979886, 
30.8378407319034, 31.3528618955249, 31.8507156870255, 32.4000715948884, 32.3142347342848, 32.0738915245948, 32.6747495488196, 32.7434190373026, 33.2069380845618, 33.0867664797168, 33.2069380845618, 33.7219592481831, 33.8421308530282, 33.8249634809075, 33.9633927949712, 33.9616200000001, 9.5835800000001, 10.63009, 10.9101700000001, 11.3189600000001, 12.08286, 12.5782800000001, 13.5633300000001, 14.42211, 14.82249, 16.29186, 16.95655, 17.2631400000001, 17.42754, 17.9983073999703, 18.3678599999999, 
18.61409, 19.80796, 20.83744, 21.0188499999999, 21.9999999999999, 21.9999999999999, 21.9999999999999, 21.9999999999999, 20.00304, 20, 19.58047, 15.61084, 15.68072, 14.9442900000001, 14.32682, 14.0931799999999, 13.78648, 13.3723199999999, 12.95546, 12.5881800000001, 12.6460499999999, 12.2602400000001, 11.67936, 11.3846100000001, 11.1423951278076, 10.7144625919985, 10.0892552759153, 9.68121816653877, 9.26506785729225, 8.95428579348902, 8.66631887454253, 8.61972971293306, 8.7286964724039, 8.91753756573172, 
9.81024091600869, 10.273759963268, 10.4110989402337, 10.1364209863024, 9.55273033419809, 9.4668934735945, 9.63856719480162, 9.60423245056029, 9.39822398511165, 9.39822398511165, 9.60423245056029, 9.79307354388806, 10.0849188699402, 10.2909273353887, 9.70723668328452, 9.81024091600869, 10.5312705450788, 11.0806264529415, 11.6814844771665, 11.9733298032185, 12.0248319195807, 12.24800775715, 12.1793382686671, 11.4411412674765, 10.7201116384066, 10.3252620796302, 9.98191463721599, 9.48406084571536, 9.46428522942063, 
9.5835800000001))",0.4936526479335834,54765.553685,FALSE,28372.04789625
SEN,Senegal,Africa,40.185,"list(c(-15.6245963200399, -15.3987703109245, -15.0817353988138, -14.6870308089685, -14.3767138330558, -14.0469923568175, -13.8449633447724, -14.2777017887846, -14.7121972314946, -15.1411632959495, -15.5118125065629, -15.691000535535, -15.9312959456922, -16.8415246240813, -16.6774519515546, -16.1477168441306, -15.8165742660043, -15.548476935274, -13.7004760400843, -13.2178181624782, -12.4990506657306, -12.2785990055734, -12.2035648258856, -11.6583009505579, -11.5139428369506, -11.4678991357785, -11.5533977930054, 
-11.9277160303116, -12.1248874577213, -12.1707502913803, -12.8306583317475, -13.4357376774531, -14.0995214502422, -14.577347581429, -15.1357372705588, -15.6236661442587, -16.1206900700419, -16.4630981104079, -16.7007063460859, -17.1851728988222, -17.6250426904907, -17.1261067367126, -16.7137288070235, -15.6245963200399, 13.6235873478695, 13.8603687606309, 13.876491807506, 13.6303569604998, 13.6256802433774, 13.7940678980004, 13.505041612192, 13.2805850285322, 13.2982066919438, 13.5095116235852, 13.2785696476729, 
13.2703530949384, 13.1302841252113, 13.1513939478025, 12.384851589401, 12.5477615422012, 12.5155671248833, 12.6281700708473, 12.5861829696102, 12.575873521368, 12.332089952031, 12.3544400089973, 12.4656476912894, 12.3865827498828, 12.4429875757294, 12.754518947801, 13.1412136906411, 13.4220751001474, 13.9947274845898, 14.6168342147355, 15.3036915145429, 16.0393830428661, 16.3043022730105, 16.5982636581028, 16.5872824162407, 16.3693370630498, 16.4556625431933, 16.1350361190384, 15.6215274113541, 14.9194772404528, 
14.7295405135641, 14.3735157332892, 13.5949586043798, 13.6235873478695))",0.64607650304524,10413.498334875,TRUE,5186.470662625
SLE,Sierra Leone,Africa,75.03,"list(c(-11.1998018050483, -11.1467042708684, -10.6955948551765, -10.2300935530913, -10.5054772607747, -10.4943151513996, -10.6547704736659, -10.622395188835, -10.8391519840833, -11.1174812484073, -11.9172773909887, -12.150338100625, -12.4259285140376, -12.5967191227622, -12.7119575667731, -13.2465502588325, -13.1240254378685, -12.9490490381282, -12.4280989241938, -11.7081945459357, -11.4387794661821, -11.1998018050483, 7.10584564862474, 7.39670644777954, 7.93946401614109, 8.40620555260129, 8.34889638918961, 
8.71554067630044, 8.9771784529942, 9.26791006106828, 9.68824616133037, 10.0458729110063, 10.0469839543006, 9.85857168216438, 9.83583405195595, 9.62018830000197, 9.34271169681077, 8.90304861087151, 8.16394643801698, 7.79864573814574, 7.26294200279203, 6.86009837486073, 6.78591685630575, 7.10584564862474))",0.1431810775100545,3820.914412875,FALSE,1204.8293165
SOM,Somalia,Africa,94.635,"list(c(49.26776, 48.9482047585097, 48.9420052427184, 48.9384912453225, 48.938232863161, 48.9381295102965, 48.486735874227, 47.78942, 44.9636, 43.66087, 42.76967, 42.12861, 41.855083092644, 40.98105, 40.993, 41.58513, 41.81095, 42.04157, 43.13597, 44.06815, 45.56399, 46.56476, 47.74079, 48.59455, 49.4527, 50.07092, 50.55239, 50.83418, 51.04531, 51.04153, 51.13387, 51.1112, 50.73202, 50.25878, 49.72862, 49.26776, 11.43033, 11.410617281698, 11.3942660587981, 10.9823273787835, 9.97350006758151, 9.45174896894662, 
8.83762624758999, 8.003, 5.00162, 4.95755, 4.25259, 4.23413, 3.91891192048373, 2.78452, -0.85829, -1.68325, -1.44647, -0.91916, 0.2922, 1.05283, 2.04576, 2.85529, 4.2194, 5.33911, 6.80466, 8.08173, 9.19874, 10.27972, 10.6409, 11.16651, 11.74815, 12.02464, 12.0219, 11.67957, 11.5789, 11.43033))",0.04621859810659569,18317.053047499998,FALSE,6492.5199565
SSD,S. Sudan,Africa,30.54375,"list(c(33.8249634809075, 33.8421308530282, 33.7219592481831, 33.2069380845618, 33.0867664797168, 33.2069380845618, 32.7434190373026, 32.6747495488196, 32.0738915245948, 32.3142347342848, 32.4000715948884, 31.8507156870255, 31.3528618955249, 30.8378407319034, 29.9966394979886, 29.6189573113328, 29.5159530786086, 29.0009319149872, 28.9665971707458, 27.9708895877444, 27.8335506107788, 27.1125209817089, 26.7520061671738, 26.4773282132425, 25.962307049621, 25.790633328414, 25.069603699344, 24.7949257454127, 
24.537415163602, 24.1940677211877, 23.8869795808607, 24.5673690121522, 25.1149324887169, 25.1241308936648, 25.7966479835113, 26.2134184099451, 26.4659094581233, 27.2134090512253, 27.3742261085176, 27.979977247843, 28.428993768027, 28.6966776872988, 29.1590784034466, 29.715995314256, 29.95349, 30.83385, 31.2455600000001, 31.8814500000002, 32.6864200000001, 33.3900000000001, 34.0050000000001, 34.6201962678539, 35.2980071182331, 34.70702, 34.2503200000001, 34.0751, 33.5682900000001, 32.9541800000001, 
33.2948000000001, 33.8255000000002, 33.9749800000001, 33.9633927949712, 33.8249634809075, 9.48406084571536, 9.98191463721599, 10.3252620796302, 10.7201116384066, 11.4411412674765, 12.1793382686671, 12.24800775715, 12.0248319195807, 11.9733298032185, 11.6814844771665, 11.0806264529415, 10.5312705450788, 9.81024091600869, 9.70723668328452, 10.2909273353887, 10.0849188699402, 9.79307354388806, 9.60423245056029, 9.39822398511165, 9.39822398511165, 9.60423245056029, 9.63856719480162, 9.4668934735945, 
9.55273033419809, 10.1364209863024, 10.4110989402337, 10.273759963268, 9.81024091600869, 8.91753756573172, 8.7286964724039, 8.61972971293306, 8.22918793378546, 7.82510407147925, 7.50008515057942, 6.97931590415817, 6.54660329836213, 5.94671743410186, 5.55095347739462, 5.23394440350018, 4.40841339763739, 4.28715464926461, 4.45507721599699, 4.38926727947325, 4.60080475506015, 4.17370000000006, 3.50916999999998, 3.78190000000001, 3.55826999999999, 3.79232000000007, 3.78999999999996, 4.24988494736215, 
4.84712274208204, 5.50600000000003, 6.59422000000012, 6.82607000000007, 7.22595000000007, 7.71334000000002, 7.7849700000001, 8.35458000000005, 8.37916000000007, 8.68455999999992, 9.46428522942063, 9.48406084571536))",0.15223410660456224,29596.86490625,TRUE,20535.102515
SWZ,Swaziland,Africa,68.82625,"list(c(31.985779249812, 31.8377779477281, 31.3331575863979, 31.0440796241572, 30.9496667823599, 30.6766085141296, 30.6859619483745, 31.2827730649133, 31.8680603370511, 32.0716654802811, 31.985779249812, -26.2917798804801, -25.8433318010512, -25.6601905250088, -25.7314523251393, -26.022649021104, -26.3980783017044, -26.7438453101694, -27.2858794084788, -27.1779273414211, -26.7338200823048, -26.2917798804801))",0.9044070672222939,1302.699705,FALSE,428.8544
TCD,Chad,Africa,73.16875,"list(c(14.89336, 14.9601518083377, 14.923564894275, 15.4678727556053, 14.9093538753948, 14.6272005550811, 14.1714660986991, 13.9542183773441, 14.5444665869819, 14.9799955583377, 15.1208655127653, 15.4360917497457, 15.2794604834692, 16.1062317237067, 16.2905615576919, 16.4561845231874, 16.7059883968864, 17.9649296403809, 18.3895548845233, 18.9110217627806, 18.8120097185093, 19.0940080095261, 20.0596854997643, 21.0008683610963, 21.7238216488595, 22.2311291846688, 22.8641654802443, 22.8762199999999, 
22.50869, 22.49762, 22.28801, 21.93681, 22.03759, 22.29658, 22.18329, 22.51202, 22.30351, 22.5679500000001, 23.0245900000001, 23.8868900000001, 23.8376600000001, 19.8492600000001, 15.8608500000001, 14.8513, 15.0968876481818, 15.4710600000001, 15.4871480648501, 15.9032466976643, 15.6857405941478, 15.3004411149797, 15.2477311540418, 13.97217, 13.5403935075508, 13.9566988460941, 13.9544767595056, 14.5957812842476, 14.4957873877629, 14.89336, 12.21905, 11.5555740421972, 10.8913251815175, 9.98233673750354, 
9.99212942142276, 9.92091929772459, 10.0213782821, 9.54949494062669, 8.96586131432224, 8.79610423424344, 8.38215017336944, 7.69281240481189, 7.42192454673801, 7.49708791750646, 7.75430735923942, 7.73477366783294, 7.50832754152998, 7.890914008003, 8.28130361575188, 8.63089468020644, 8.98291453697863, 9.07484691002577, 9.01270600019484, 9.47598521569148, 10.567055568886, 10.9718887394606, 11.1423951278076, 11.3846100000001, 11.67936, 12.2602400000001, 12.6460499999999, 12.5881800000001, 12.95546, 13.3723199999999, 
13.78648, 14.0931799999999, 14.32682, 14.9442900000001, 15.68072, 15.61084, 19.58047, 21.4950899999999, 23.4097199999998, 22.86295, 21.3085187850748, 21.0484499999999, 20.7304145370255, 20.3876189234174, 19.9571800806423, 17.9279499374049, 16.6273058130507, 15.68437, 14.3671336939012, 13.9966911890169, 13.3534487980638, 13.3304269474778, 12.8593962671373, 12.21905))",0.1024342390226201,47756.7335475,FALSE,22045.94094875
TGO,Togo,Africa,77.9125,"list(c(1.61895063640924, 1.66447757325838, 1.46304284018467, 1.42506066245014, 1.07779503744874, 0.772335646171484, 0.899563022474069, 0.0238025244237008, -0.0497847151599444, 0.367579990245389, 0.365900506195885, 0.461191847342121, 0.712029249686878, 0.490957472342245, 0.570384148774849, 0.836931186536333, 1.06012169760493, 1.86524051271232, 1.61895063640924, 6.83203807212624, 9.12859039960938, 9.33462433515708, 9.82539541263299, 10.175606594275, 10.4708082137424, 10.9973393823643, 11.0186817489008, 
10.7069178328839, 10.1912128768272, 9.46500397382948, 8.67722260175601, 8.31246450442383, 7.41174428957648, 6.91435862876719, 6.27997874595215, 5.92883738852888, 6.14215770102973, 6.83203807212624))",0.26969757204060013,2638.695314125,FALSE,1684.02544775
TUN,Tunisia,Africa,12.48125,"list(c(9.97001712407286, 10.0565751481618, 9.95022505050508, 10.6369014827995, 10.9447896663945, 11.4322534522037, 11.488787469131, 11.1085006038951, 10.8568363786337, 10.3396586442566, 10.1495927262871, 10.807847120821, 10.9395186703007, 10.5932865739451, 10.6000045101431, 11.1000256689993, 11.0288672217334, 10.1806502620945, 10.2100024756363, 9.50999352381061, 8.42096438969168, 8.21782433435232, 8.37636762862377, 8.1409814795343, 7.52448164229224, 7.61264163578218, 8.43047285323337, 8.43910281742612, 
9.05560265466815, 9.48213992680527, 9.97001712407286, 30.5393248560751, 30.9618313664935, 31.3760696477452, 31.7614208033457, 32.0818146835553, 32.3689031031528, 33.1369957545231, 33.2933428004221, 33.7687401392912, 33.7857416855153, 34.3307730168977, 34.8335071884492, 35.6989840764735, 35.9474443629328, 36.4100001083774, 36.8999960393689, 37.092103176414, 36.7240377874151, 37.2300017359848, 37.3499944117665, 36.9464273137832, 36.4331769882603, 35.4798760035559, 34.6551459823938, 34.0973764104514, 
33.3441148951489, 32.7483373072559, 32.5062848984008, 32.1026919622012, 30.3075560572461, 30.5393248560751))",2.619507311426131,7053.326609,TRUE,3244.018306125
TZA,Tanzania,Africa,85.7025,"list(c(31.8661700000001, 30.7698600000001, 30.4191048520193, 30.8161348813179, 30.7583089535831, 30.46967, 30.52766, 30.74301, 30.7522400000001, 30.50554, 30.1163200000001, 29.7535124040999, 29.3399975929004, 29.5199866065731, 29.4199927100883, 29.62, 30.2, 30.7400000000001, 31.1577513369501, 31.5563480974666, 32.1918648617919, 32.7593754412214, 33.7397200000001, 33.9408377240965, 34.28, 34.5599890479995, 35.3123979021692, 36.5140816586844, 36.7751509946229, 37.47129, 37.82764, 38.4275565935878, 
39.521, 40.31659, 39.9496, 39.5357400000001, 39.1865200000001, 39.25203, 39.19469, 39.4700000000001, 39.44, 38.7997700000001, 38.74054, 39.2022200000001, 37.7669, 37.6986899999999, 34.07262, 33.9037111971046, 31.8661700000001, -1.02735999999993, -1.01454999999999, -1.13465911215042, -1.69891407634538, -2.28725025798837, -2.41382999999996, -2.80761999999999, -3.03430999999995, -3.35931, -3.56857999999994, -4.09012000000001, -4.4523894181533, -4.49998341229411, -5.41997893638626, -5.9399988745393, 
-6.51999999999998, -7.07999999999998, -8.33999999999992, -8.59457874731731, -8.76204884199865, -8.93035898197326, -9.230599053589, -9.41714999999999, -9.69367384198028, -10.16, -11.5200200334158, -11.4391464168792, -11.7209380021667, -11.5945374487808, -11.56876, -11.2687899999999, -11.2852023250816, -10.89688, -10.3170999999999, -10.0984, -9.11236999999989, -8.48550999999992, -8.00780999999995, -7.70389999999998, -7.09999999999997, -6.83999999999986, -6.47566000000001, -5.90894999999995, -4.67676999999992, 
-3.67711999999995, -3.09698999999995, -1.05981999999995, -0.949999999999988, -1.02735999999993))",0.21017006372746888,41770.9621625,FALSE,25603.59286
UGA,Uganda,Africa,91.63,"list(c(33.9037111971046, 33.893568969667, 34.18, 34.6721, 35.03599, 34.59607, 34.47913, 34.0050000000001, 33.3900000000001, 32.6864200000001, 31.88145, 31.2455600000001, 30.83385, 30.7733200000001, 31.174149204236, 30.8526701189481, 30.4685075212903, 30.0861535987628, 29.8757788429024, 29.8195000000001, 29.5878377621722, 29.579466180141, 29.8215185889961, 30.4191048520193, 30.7698600000001, 31.8661700000001, 33.9037111971046, -0.949999999999988, 0.109813537861839, 0.514999999999986, 1.17693999999995, 
1.90583999999995, 3.05374000000012, 3.55560000000008, 4.24988494736215, 3.78999999999996, 3.79232000000007, 3.55826999999999, 3.78190000000001, 3.50916999999998, 2.33989000000014, 2.20446523682131, 1.84939647054375, 1.58380544677971, 1.06231273030642, 0.597379868976361, -0.205299999999909, -0.587405694179381, -1.34131316488561, -1.44332244222977, -1.13465911215042, -1.01454999999999, -1.02735999999993, -0.949999999999988))",0.123758380829828,19091.15141875,FALSE,11384.337552500001
ZAF,South Africa,Africa,8.09875,"list(c(32.203388706193, 32.4621326026785, 32.5802649268977, 32.8301204770289, 32.0716654802811, 31.8680603370511, 31.2827730649133, 30.6859619483745, 30.6766085141296, 30.9496667823599, 31.0440796241572, 31.3331575863979, 31.8377779477281, 31.7524084815819, 31.9305888201243, 31.6703979835347, 31.1914091326213, 30.6598653500671, 30.3228833350918, 29.839036899543, 29.432188348109, 28.0172359555253, 27.1194096208863, 26.7864066911974, 26.4857532081233, 25.9416520525222, 25.7658488298652, 25.6646663754377, 
25.0251705258258, 24.2112667172288, 23.7335697771227, 23.3120967953502, 22.8242712745149, 22.5795316911806, 22.1059688656579, 21.6058960303694, 20.8896090023717, 20.6664701677354, 20.7586092465118, 20.1657255388272, 19.8957678565344, 19.8947343278886, 19.0021273129111, 18.4648991228048, 17.8361519711095, 17.3874971859515, 17.2189286638154, 16.8240173682409, 16.3449768408952, 17.0629175147262, 17.0644161312627, 17.5669177588689, 18.2217615088715, 18.2479097836112, 17.9251904639484, 18.2500801937675, 
18.2444991390799, 18.3774109229346, 18.4246431820494, 18.8553145687699, 19.1932784359587, 19.6164050635646, 20.0712610205976, 20.689052768647, 21.542799106541, 22.5741573422222, 22.9881889177447, 23.5940434099346, 24.6778532243921, 25.172861769316, 25.7806282895007, 25.9096643409335, 26.4194523454928, 27.464608188596, 28.2197558936771, 28.9255526059195, 30.0557161801428, 30.6228133481138, 30.9017627296254, 31.325561150851, 31.5210014177789, 32.203388706193, -28.7524048804899, -28.3010112444204, -27.4701575660317, 
-26.742191664336, -26.7338200823048, -27.1779273414211, -27.2858794084788, -26.7438453101694, -26.3980783017044, -26.022649021104, -25.7314523251393, -25.6601905250088, -25.8433318010512, -25.4842839494872, -24.3694165992224, -23.6589690080737, -22.2515096981723, -22.1515674781198, -22.2716118303338, -22.102216485281, -22.0913127580674, -22.8277535946589, -23.5743230119796, -24.2406906063833, -24.6163265927129, -24.6963733863331, -25.1748454729235, -25.4868160946695, -25.7196700985767, -25.6702157528734, 
-25.3901294898514, -25.2686898739655, -25.5004586727946, -25.979447523708, -26.280256036079, -26.7265337053516, -26.8285429826958, -26.4774533017048, -25.8681364885513, -24.9179619280006, -24.7677902157604, -28.4611048316606, -28.9724431291887, -29.0454619280171, -28.8563778622612, -28.7835140927297, -28.3559432919467, -28.0821615536643, -28.5767050106976, -29.8759538713799, -29.878641045859, -30.7257211239874, -31.6616329892256, -32.4291313616245, -32.6112907854534, -33.2814307594144, -33.867751560198, 
-34.136520684548, -33.9978728167089, -34.4443055152784, -34.4625989723098, -34.8191663551237, -34.795136814108, -34.4171753883252, -34.2588387997829, -33.8640825335053, -33.9164307594169, -33.7944743792081, -33.9871757952245, -33.7968514950935, -33.9446460914483, -33.6670402971764, -33.6149504534261, -33.2269637997787, -32.7719528134488, -32.1720411109724, -31.1402694638329, -30.423775730106, -29.9099569638279, -29.4019776343988, -29.2573869768461, -28.7524048804899), c(29.3251664568326, 29.018415154748, 
28.8483996925077, 28.2910693702399, 28.1072046241454, 27.7493970069565, 26.9992619158076, 27.5325110206275, 28.0743384132078, 28.5417000668555, 28.9782625668573, 29.3251664568326, -29.2573869768461, -29.7437655575772, -30.0700505510681, -30.2262167294542, -30.5457321103148, -30.6451058896121, -29.8759538713799, -29.2427108700752, -28.8514686011934, -28.6475017229374, -28.9555966122616, -29.2573869768461))",7.816750911756084,73561.24199750001,TRUE,18937.782485
ZMB,Zambia,Africa,83.045,"list(c(32.191864861792, 31.5563480974665, 31.1577513369501, 30.7400154965518, 30.3460860531908, 29.0029122250605, 28.7348665707625, 28.4498710466728, 28.6736816749289, 28.4960697771418, 28.3722530453704, 28.6424174333924, 29.3415478858691, 29.6160014177712, 29.6996138852195, 28.9342859229768, 28.523561639121, 28.15510867688, 27.3887988624238, 27.1644197934125, 26.5530875993996, 25.7523096046047, 25.4181181169732, 24.783169793403, 24.314516228948, 24.257155389104, 23.9122152035557, 24.0178935075926, 
23.9041536801182, 24.0799052263429, 23.9309220720454, 24.0161365088947, 21.9338863461259, 21.8878426449539, 22.5624784685243, 23.2150484555061, 24.0338615251708, 24.6823490740015, 25.0769503109823, 25.0844433936646, 25.264225701608, 26.3819352556489, 26.7067733090356, 27.0444271176307, 27.5982434425028, 28.4679061215427, 28.8258687680285, 28.9474634132113, 29.5168343442031, 30.2742558123051, 30.1794812354818, 33.2140246925252, 32.6881653175231, 32.9917643572379, 33.3064221534631, 33.1142891782019, 
33.3153104998173, 33.4856876970836, 33.2313879737753, 32.7593754412213, 32.191864861792, -8.93035898197328, -8.76204884199864, -8.59457874731737, -8.34000741947091, -8.23825652428822, -8.40703175215347, -8.52655934004458, -9.16491830814608, -9.60592498132493, -10.789883721564, -11.7936467424014, -11.9715686987823, -12.3607439103724, -12.1788945451373, -13.2572266577718, -13.2489584286051, -12.6986044246967, -12.2724805640179, -12.1327474911007, -11.6087484676611, -11.9244397925321, -11.7849651017764, 
-11.33093596766, -11.238693536019, -11.2628264298993, -10.9519926896636, -10.9268262671375, -11.2372982723471, -11.7222815894063, -12.1912968888874, -12.5658476701388, -12.9110462378486, -12.8984371883693, -16.0803101538768, -16.8984514299218, -17.5231161434659, -17.2958431942463, -17.3534107398194, -17.5788233374766, -17.6618156877373, -17.7365398088314, -17.8460421688578, -17.9612289364364, -17.9380262183374, -17.290830580314, -16.4684001603888, -16.3897486304406, -16.0430514461944, -15.6446778296564, 
-15.5077869605152, -14.7960991349915, -13.9718600399361, -13.7128577612893, -12.7838705379783, -12.4357780900602, -11.6071981746923, -10.7965499813297, -10.5255587703911, -9.6767216935648, -9.23059905358906, -8.93035898197328))",0.339993683780415,15519.382870000001,FALSE,12746.7273375
ZWE,Zimbabwe,Africa,80.5975,"list(c(32.244988234188, 32.5086930681735, 32.6597432797626, 32.7727079607526, 32.6119942563249, 32.6548856951271, 32.8498608741644, 32.8476387875758, 32.3282389666102, 31.8520406430406, 31.6364982439512, 31.1730639991577, 30.3389547055345, 30.2742558123051, 29.5168343442031, 28.9474634132113, 28.8258687680285, 28.4679061215427, 27.5982434425028, 27.0444271176307, 26.7067733090356, 26.3819352556489, 25.264225701608, 25.6491634457502, 25.8503914730947, 26.1647908871585, 27.2965047543505, 27.7247473487533, 
27.7272278175033, 28.0213700701086, 28.7946562029242, 29.432188348109, 29.839036899543, 30.3228833350918, 30.6598653500671, 31.1914091326213, 32.244988234188, -21.1164885393136, -20.3952922502482, -20.3042900529822, -19.7155921363132, -19.4193828264162, -18.6720899390434, -17.9790573055771, -16.7133981258846, -16.3920740698937, -16.3194170060913, -16.0719902482778, -15.8609436987978, -15.8808391252302, -15.5077869605152, -15.6446778296564, -16.0430514461944, -16.3897486304406, -16.4684001603888, 
-17.290830580314, -17.9380262183374, -17.9612289364364, -17.8460421688578, -17.7365398088314, -18.5360258928189, -18.7144129370905, -19.2930856258949, -20.3915198706909, -20.4990585262903, -20.8518018531146, -21.4859750302005, -21.6394540341073, -22.0913127580674, -22.102216485281, -22.2716118303338, -22.1515674781198, -22.2515096981723, -21.1164885393136))",0.7876459015430779,12137.24718125,FALSE,5278.729318875
